{
  "hash": "c636d07d",
  "configHash": "071e7442",
  "lockfileHash": "91945c8b",
  "browserHash": "29bd8be4",
  "optimized": {
    "@angular/common": {
      "src": "../../../../../node_modules/@angular/common/fesm2022/common.mjs",
      "file": "@angular_common.js",
      "fileHash": "18b1146b",
      "needsInterop": false
    },
    "@angular/common/http": {
      "src": "../../../../../node_modules/@angular/common/fesm2022/http.mjs",
      "file": "@angular_common_http.js",
      "fileHash": "653210da",
      "needsInterop": false
    },
    "@angular/core": {
      "src": "../../../../../node_modules/@angular/core/fesm2022/core.mjs",
      "file": "@angular_core.js",
      "fileHash": "a66c5f38",
      "needsInterop": false
    },
    "@angular/platform-browser": {
      "src": "../../../../../node_modules/@angular/platform-browser/fesm2022/platform-browser.mjs",
      "file": "@angular_platform-browser.js",
      "fileHash": "f319f280",
      "needsInterop": false
    },
    "@angular/router": {
      "src": "../../../../../node_modules/@angular/router/fesm2022/router.mjs",
      "file": "@angular_router.js",
      "fileHash": "823a6775",
      "needsInterop": false
    }
  },
  "chunks": {
    "chunk-GZOYZB63": {
      "file": "chunk-GZOYZB63.js"
    },
    "chunk-35DTDBPT": {
      "file": "chunk-35DTDBPT.js"
    },
    "chunk-4XLXOCJG": {
      "file": "chunk-4XLXOCJG.js"
    },
    "chunk-YVWIMTHM": {
      "file": "chunk-YVWIMTHM.js"
    }
  }
}